myshalom,10898812, 2020, BR, G
soundofjura,10898818, 2020, B, G
islandbreezes,10898819, 2020, B, G
revelare,10898845, 2020, B/BR, G
needsomeluck,10898853, 2020, B, G
battlefield,10898858, 2020, B, G
glenfinnan,10898867, 2020, B, G
moonshinerun,10898881, 2020, GR/B, G
lesrico,10898885, 2020, B, G
diamondapproach,10898886, 2020, B, M
thecompasman,10898897, 2020, B, G
ontheotherhand,10898903, 2020, B, M
windsorroad,10898904, 2020, B, M
rumbledagain,10898908, 2020, B, G
atthewings,10898912, 2020, B, G
laranjal,10898913, 2020, B, M
minka,10898914, 2020, B, M
fairytaleprincess,10898916, 2020, B, M
warriorswood,10898922, 2020, CH, G
goldenagain,10898926, 2020, B, M
takerujack,10898929, 2018, DK B/BR, H
keiaishelby,10898931, 2018, B, H
topvivid,10898933, 2018, CH, H
sukeboman,10898935, 2018, DK B/BR, H
wondercheer,10898936, 2018, B, M
southernnights,10898941, 2018, DK B/BR, G
brillervert,10898943, 2018, DK B/BR, H
whitecrow,10898944, 2018, GR, G
lechatlibre,10898945, 2018, CH, M
meishomikawa,10898946, 2018, CH, H
beautifulday,10898958, 2018, B, M
huayuan,10898959, 2018, B, M
raisondusourire,10898963, 2018, DK B/BR, G
andvaranaut,10898964, 2018, DK B/BR, M
naritasaffraan,10898969, 2018, DK B/BR, M
musique,10898970, 2018, CH, M
cilsblancs,10898973, 2018, B, H
albilla,10898974, 2018, DK B/BR, H
easternworld,10898975, 2018, DK B/BR, H
kangrinboqe,10898980, 2018, B, H
bravetry,10898985, 2018, GR, G
natureship,10898986, 2018, GR, H
onijiotani,10898988, 2018, DK B/BR, G
hakodatebusho,10898989, 2018, B, H
marinoazura,10898990, 2018, DK B/BR, M
tipsyworld,10898991, 2018, B, M
junebianca,10898994, 2018, B, M
fukushimabrillio,10898995, 2018, B, M
meishofunkei,10898997, 2018, CH, H
zafirah,10899004, 2017, DK B, M
myserve,10899005, 2017, B, M
frantasticr,10899009, 2017, DK B, H
splitwise,10899018, 2017, DK B, H
guepardostai,10899035, 2017, DK B, H
sneakierthansarah,10899037, 2020, DK B/BR, M
sticker,10899038, 2020, B, G
realitycheck,10899048, 2020, DK B/BR, M
fleetsbay,10899049, 2020, B, G
dragonrun,10899050, 2020, CH, H
firstshamrock,10899348, 2018, B, M
pearlingpath,10899351, 2020, DK B/BR, H
teaolive,10899353, 2020, B, M
scarlettohara,10899355, 2020, B, M
myladyo,10899356, 2020, B, M
bugscuffle,10899357, 2015, BR, G
continuous,10899359, 2020, DK B, H
maybejustmaybe,10899360, 2020, B, M
mdarunaddress,10899367, 2020, B, M
mdasenoritarun,10899368, 2020, GR/RO, M
ringitup,10899371, 2020, DK B/BR, M
justomilagro,10899375, 2017, CH, M
dancemonkey,10899385, 2020, DK B/BR, G
easysqueeze,10899388, 2020, DK B/BR, M
royalewells,10899390, 2020, B, G
vickysangel,10899399, 2018, CH, M
kaikoura,10899400, 2020, DK B/BR, G
solmaravilla,10899402, 2018, CH, M
infinityrainbow,10899404, 2018, DK B/BR, M
redlight,10899405, 2018, B, M
candylady,10899407, 2018, CH, M
solllamarada,10899408, 2018, B, M
lapequena,10899410, 2018, B, M
norisktoday,10899411, 2020, B, M
mirafaela,10899413, 2018, B, M
katakat,10899416, 2018, CH, M
hezadoozie,10899420, 2020, B, G
klassypearl,10899421, 2020, B, M
lucianomontorio,10899423, 2020, CH, G
vibsabrenis,10899427, 2018, CH, M
beaugold,10899429, 2020, B, G
makassir,10899430, 2020, B, G
kidamroque,10899433, 2020, DK B/BR, G
plungeintothenite,10899434, 2020, B, G
zvonimir,10899442, 2020, DK B/BR, G
mrmakunouchi,10899443, 2020, DK B/BR, G
goodtimegal,10899691, 2020, GR, M
vadsaqueen,10899693, 2018, B, M
rohirrimlass,10899695, 2020, B, M
vintagekod,10899697, 2020, B, G
gandalf,10899702, 2018, B, H
idanikos,10899703, 2018, CH, M
logirose,10899704, 2018, DK B/BR, H
winceleste,10899706, 2018, B, H
traunstein,10899716, 2018, B, H
dawnrider,10899718, 2020, B, M
honourschoice,10900095, 2020, DK B/BR, M
namoa,10900098, 2020, B, M
denmark,10900099, 2020, B, G
conniec,10900105, 2020, B, M
pillowtalk,10900106, 2020, B, M
ccslegacy,10900114, 2020, B, G
armella,10900116, 2020, DK B/BR, M
kaysheavenlystar,10900118, 2020, DK B/BR, M
foreverlasting,10900119, 2020, B, G
zappinit,10900120, 2020, DK B/BR, G
lagrue,10900122, 2018, B, M
celebrindal,10900123, 2018, CH, M
bendicion,10900124, 2020, DK B/BR, G
harmonydancer,10900268, 2020, B, M
keragazza,10900282, 2017, DK B, M
sellside,10900285, 2017, DK B, H
potrolindo,10900288, 2017, DK B, H
cutycause,10900290, 2017, DK B, H
bigscape,10900295, 2017, DK B, H
redsmrz,10900298, 2020, B, G
mightymadi,10900300, 2020, B, M
bulletshigh,10900306, 2020, BR, G
gumbootsdance,10900341, 2018, CH, G
angeclair,10900349, 2018, DK B/BR, M
bouquetofiris,10900353, 2018, DK B/BR, G
meishomeisui,10900355, 2018, DK B/BR, H
ironflower,10900361, 2018, DK B/BR, M
deepagain,10900362, 2018, B, H
cafefantast,10900366, 2018, CH, H
victipharus,10900368, 2018, B, G
meishooniyuri,10900370, 2018, B, M
kuchibashinicherry,10900371, 2018, DK B/BR, M
enishinouta,10900372, 2018, DK B/BR, M
ellesurreal,10900373, 2018, DK B/BR, M
ferrara,10900374, 2018, B, M
integralcity,10900377, 2018, CH, H
tmjaguar,10900378, 2018, BLK, G
dryade,10900380, 2018, DK B/BR, M
rocknroll,10900387, 2018, B, H
bayandgold,10900405, 2020, B, M
pinkpartypants,10900408, 2020, B, M
fortydetriomphe,10900412, 2017, GR/RO, H
dancedrama,10900415, 2020, B, M
mrgig,10900424, 2020, CH, G
thunderecho,10900426, 2020, B, H
sweetrefuge,10900506, 2019, B, M
kreon,10900512, 2020, GR, H
talana,10900513, 2020, CH, G
heartofglass,10900540, 2020, B, M
conspirator,10900546, 2020, B/BR, G
luckett,10900568, 2020, B, G
mytemptation,10900569, 2020, B, G
kungfuhero,10900580, 2020, B, G
torbelo,10900585, 2020, B/BR, G
akitu,10900587, 2020, BR, G
smashingexpress,10900590, 2020, CH, G
carnivallegend,10900612, 2020, B, G
victorythirtythree,10900634, 2020, CH, G
keefysbro,10900641, 2020, B, G
overtoux,10900652, 2020, B, M
whoordereddafish,10900662, 2020, B, G
dazzlingsky,10900664, 2020, CH, G
campland,10900669, 2020, B, G
dolzino,10900680, 2020, B, G
feelingdusty,10900683, 2020, GR, G
bendermcgee,10900685, 2020, B, G
vermicella,10900691, 2020, B/BR, M
thegoldenfist,10900694, 2020, B, G
redsparks,10900708, 2020, B, M
estriella,10900730, 2020, B, M
capperthirtynine,10900731, 2020, B, G
justadeel,10900750, 2020, B, G
tuttalavita,10900767, 2020, B, M
exceedspeed,10900768, 2020, CH, G
longevity,10900776, 2020, B, G
earendel,10900783, 2020, BR/BL, G
iluvcoffee,10900785, 2020, BR, G
ringbearer,10900803, 2020, B, G
july,10900806, 2020, CH, G
mawsonsexpedition,10900809, 2020, B, G
burningbright,10900811, 2020, B, M
mountmumukai,10900828, 2020, B, G
lulumon,10900851, 2020, B, M
morevoltage,10900853, 2020, B/BR, G
yemean,10900870, 2020, BR, M
heybella,10900873, 2020, CH, M
airassault,10900874, 2020, B, G
arcticglamour,10900875, 2020, B, M
fastbubbles,10900880, 2020, B, G
girlsgirlsgirls,10900881, 2020, B, M
mustgo,10900886, 2020, B/BR, G
elninobendecito,10900891, 2020, B, H
newsatten,10900893, 2020, B, G
davidsdiva,10900898, 2020, B, M
ramree,10900899, 2020, B, M
simplyed,10900901, 2020, B, G
keilah,10900903, 2020, B, M
sheriffshill,10900904, 2016, B, G
whatuwannadois,10900906, 2020, B, M
jorah,10900907, 2020, B, G
chiketto,10900909, 2020, B, G
fortunalora,10900910, 2020, B, M
alrightgeorge,10900912, 2020, CH, G
charlina,10900917, 2020, B, M
smoothmarriage,10900918, 2020, B, M
grannyreward,10900946, 2020, DK B/BR, M
holygrinder,10900951, 2020, GR/RO, G
secretsaga,10900953, 2020, CH, G
winterwildcat,10900954, 2020, GR/RO, M
liamsstarrynite,10900955, 2020, CH, G
emmittsroyalecho,10900956, 2020, CH, G
endersroyaldance,10900957, 2020, DK B/BR, G
hosannapower,10901388, 2020, CH, G
happydancer,10901391, 2020, B, G
kaasib,10901394, 2020, B, G
sarlaochra,10901399, 2020, B, H
actofinnocence,10901404, 2020, B, G
tubberfinnlady,10901406, 2020, B, M
blackrock,10901407, 2020, B, M
felixnatalis,10901409, 2020, BR, H
iconicmoment,10901410, 2020, B, H
hunkpapa,10901411, 2020, CH, G
thatsjet,10901412, 2020, B, G
guinnesslad,10901413, 2020, BL, G
tocayito,10901414, 2018, CH, H
baster,10901415, 2018, B, H
marchpoint,10901416, 2018, B, H
josemanuel,10901417, 2018, B, H
eldelegado,10901418, 2018, B, H
strengthdonatella,10901419, 2018, B, M
magicalgalilea,10901420, 2018, B, M
saraprincess,10901421, 2018, B, M
suanfonson,10901422, 2017, CH, H
mastershot,10901423, 2018, B, H
strengthgalileo,10901424, 2018, B, H
bumblebee,10901425, 2018, CH, H
luckyprotector,10901430, 2020, CH, G
quickstyle,10901445, 2020, CH, M
musicmill,10901466, 2020, B, G
malicemama,10901467, 2020, DK B/BR, M
fancyprance,10901468, 2020, DK B/BR, M
sundaysurprize,10901469, 2020, GR/RO, G
sonofagray,10901470, 2020, GR/RO, G
redhill,10901471, 2020, B, G
elegantmoves,10901472, 2020, B, M
crumlinbeast,10901473, 2020, B, M
lapanda,10901474, 2020, B, M
tordapat,10901475, 2017, GR/RO, M
realirye,10901476, 2017, DK B, M
quiereme,10901478, 2017, CH, M
auditcommittee,10901486, 2020, DK B/BR, M
rrooster,10901487, 2020, CH, G
theflyingking,10901489, 2020, GR, G
timetosoar,10901490, 2020, CH, M
clodydiamond,10901495, 2020, B, M
indiandream,10901503, 2020, B, G
dalliances,10901504, 2020, B, M
sergeantfury,10901506, 2020, B, G
darkwillow,10901509, 2020, B, M
ryebridge,10901517, 2020, B, G
misslia,10901520, 2020, B, M
notforprofit,10901521, 2020, B, H
brighterlondon,10901530, 2020, B, H
lucylightfoot,10901531, 2020, B, M
garrickpainter,10901533, 2020, B, G
sutherland,10901534, 2020, B, G
wottertrotter,10901535, 2020, B, G
straightaway,10901536, 2020, B, M
kuuma,10901537, 2018, , G
suzukamakfi,10901546, 2018, B, M
empirekid,10901547, 2020, B, G
speightsyourmind,10901548, 2020, DK B/BR, G
flylikethewind,10901550, 2020, DK B/BR, M
yamaninreliure,10901552, 2018, B, M
zettie,10901565, 2020, GR/RO, M
lokiofasgard,10901575, 2020, CH, G
askmenoquestions,10901576, 2020, CH, G
arundelcastle,10901577, 2020, CH, M
straitofgeorgia,10901578, 2020, CH, G
lentmetwenty,10901579, 2020, B, M
higherimage,10901580, 2020, DK B/BR, M
malicetowardnone,10901582, 2020, B, M
ojitos,10901589, 2019, DK B/BR, G
attaparty,10901590, 2019, DK B/BR, G
obviouslytoo,10901592, 2019, DK B/BR, G
enchantingdanzer,10901595, 2020, B, M
candanzer,10901596, 2020, DK B/BR, G
yosaedny,10901597, 2018, B, H
thisaintthat,10901966, 2020, B, G
williambutler,10901974, 2020, B, G
treyarnonbay,10901978, 2018, B, M
kanpai,10901981, 2020, CH, G
youcandoit,10902030, 2017, B, M
dontbesilly,10902042, 2020, B, M
teachersbugsaroo,10902048, 2019, DK B/BR, G
islaportal,10902056, 2017, DK B, M
donkantiano,10902089, 2017, B, H
speedhalo,10902091, 2017, DK B, H
michelica,10902095, 2017, DK B, M
skiltuna,10902098, 2017, DK B, M
sofrita,10902099, 2017, CH, M
notorious,10902102, 2017, B, H
leamebe,10902894, 2020, CH, G
katharina,10902916, 2018, B, M
daghost,10902929, 2019, B, G
candybee,10902930, 2020, DK B/BR, M
texastwinkies,10902931, 2020, CH, M
moslertime,10902950, 2020, B, G
freezethefire,10902951, 2020, GR/RO, G
barrier,10902952, 2020, CH, M
fiercehanday,10902954, 2020, B, G
exoplanet,10902955, 2020, B, H
cowperhall,10902960, 2020, B, G
iamamadeo,10902963, 2020, DK B/BR, G
lioness,10902964, 2020, CH, M
missaretha,10903283, 2017, DK B, M
joyepica,10903284, 2017, DK B, M
rgyaldar,10903309, 2018, DK B/BR, G
tirreni,10903320, 2017, CH, H
onduty,10903343, 2018, DK B/BR, H
kirameki,10903344, 2018, CH, M
wakinoqueen,10903345, 2018, B, M
summerkanaloa,10903346, 2018, DK B/BR, G
rivette,10903348, 2018, B, G
yourhistory,10903349, 2018, B, H
maillotapois,10903355, 2018, B, M
sweetcrown,10903357, 2018, B, M
hoojulep,10903358, 2018, GR, M
legenderose,10903362, 2018, B, M
namuraforesta,10903370, 2018, DK B/BR, M
kafujiamarilla,10903372, 2018, CH, M
loindici,10903373, 2018, B, H
velato,10903376, 2018, CH, G
toaelectron,10903377, 2018, B, H
kenambitious,10903380, 2018, DK B/BR, H
aoisho,10903381, 2018, B, H
suavejordan,10903384, 2018, CH, G
lordplaisir,10903385, 2018, DK B/BR, H
highlovehunter,10903388, 2018, B, H
kurinoambitious,10903389, 2018, DK B/BR, G
kjslegacy,10903404, 2020, DK B/BR, G
chubachubachochoo,10903408, 2020, B, M
bigbradsoldier,10903409, 2020, CH, M
lenfantterrible,10903413, 2020, GR, G
roaringlegend,10903414, 2020, CH, G
quickstep,10903415, 2020, DK B/BR, M
lunarghost,10903420, 2020, CH, G
snowlate,10903421, 2020, B, M
henrythelion,10903422, 2020, CH, G
dontlookup,10903423, 2020, B, G
ardito,10903425, 2020, B, H
bridgewater,10903426, 2020, B, M
unclelester,10903429, 2020, CH, G
valentinoface,10903430, 2020, CH, G
brandywine,10903431, 2020, DK B/BR, M
edgarlinton,10903433, 2020, B, H
newbird,10903434, 2020, CH, M
siouxdream,10903438, 2020, B, G
oujda,10903442, 2020, CH, M
frenchmartini,10903443, 2020, B, M
lemonzest,10903444, 2020, B, H
desertsnake,10903445, 2020, B, G
volcan,10903447, 2020, CH, G
eloped,10903448, 2020, B, M
lagokenindia,10903449, 2020, B, M
pinkpong,10903450, 2020, B, M
fadi,10903451, 2020, GR, H
luckyeye,10903453, 2020, B, M
carlobianconi,10903455, 2020, DK B/BR, H
cynical,10903456, 2020, CH, H
taybet,10903457, 2020, B, G
theclash,10903458, 2020, CH, H
marcusaurelius,10903461, 2020, B, G
ilministro,10903463, 2020, B, H
lodbrok,10903464, 2020, CH, G
venice,10903467, 2020, CH, H
trezybounty,10903469, 2020, B, G
airway,10903473, 2020, B, M
gajda,10903476, 2020, CH, H
myemotion,10903477, 2020, B, M
chantillytrezy,10903478, 2020, B, H
portadriano,10903479, 2020, CH, G
peanutroyale,10903480, 2020, B, M
varenna,10903484, 2020, B, M
ansary,10903492, 2018, B, H
indianrider,10903494, 2020, B, G
screaminpaddy,10903499, 2020, CH, G
moniker,10903698, 2020, DK B/BR, G
romanticchoice,10903710, 2020, B, M
laurasgold,10903723, 2020, B/BR, M
professorpickles,10903725, 2020, B, G
thinkhardandfast,10903726, 2020, B, M
switchhit,10903730, 2020, B/BR, G
meatloaf,10903741, 2020, B, G
juniorsqueen,10903746, 2020, CH, M
okesutora,10903747, 2020, B, G
ladynegroni,10903755, 2020, B, M
bohemianlad,10903763, 2020, B, G
hajra,10903768, 2020, BR, M
encap,10903786, 2020, CH, G
biker,10903787, 2020, B, G
machinehead,10903810, 2020, B, G
xtrarush,10903817, 2020, CH, G
rumblingaway,10903823, 2020, B, G
trustinchad,10903846, 2020, CH, G
jealous,10903854, 2020, B, M
clandoro,10903859, 2020, B, M
bullhouse,10903891, 2020, B, G
paltinian,10903893, 2020, BR, G
marksicon,10903898, 2020, B, G
mrshorty,10903899, 2020, GR/BR, G
alpinekandy,10903904, 2020, B, M
latenightartist,10903906, 2020, B, G
hasten,10903922, 2020, B, G
ersa,10903932, 2020, B, M
windcheater,10903955, 2020, B, G
veight,10903965, 2020, B, G
starcity,10903974, 2020, B, M
darkjourney,10903981, 2020, GR, G
humptydoo,10903999, 2020, B, G
milesaway,10904010, 2020, B, G
dancindevil,10904014, 2020, B/BR, G
weightless,10904022, 2020, CH, M
beauer,10904038, 2020, B, M
hastalaoinkers,10904042, 2020, B, G
hanau,10904046, 2020, GR, G
hei,10904052, 2020, B, G
pierrefonds,10904054, 2020, B, G
kymeyre,10904055, 2016, B, M
cathedralrocks,10904059, 2019, B, M
chattonagagirl,10904060, 2019, CH, M
lecalesdiamond,10904062, 2020, B, G
kingschampion,10904069, 2020, BL, G
honouryourdreams,10904071, 2020, B, G
loveisgold,10904072, 2020, CH, G
lanceurdalerte,10904074, 2020, B, G
mercurio,10904076, 2020, B, G
shortfinal,10904077, 2020, B, G
noblereality,10904078, 2020, DK B/BR, G
saggezza,10904080, 2020, B, M
anoday,10904081, 2020, B, M
sivana,10904082, 2020, B, M
tuari,10904085, 2020, B, H
galalithe,10904088, 2020, GR, M
barzelona,10904091, 2020, B, M
ladygoldy,10904092, 2020, B, M
zelzefyr,10904093, 2020, B, G
relyonoldsport,10904094, 2020, GR, G
blacktrezy,10904095, 2020, DK B/BR, G
reborn,10904096, 2020, B, G
pablo,10904097, 2020, B, G
sirprince,10904109, 2020, B, G
khabesa,10904111, 2020, B, M
lovetoo,10904113, 2020, B, G
gromantine,10904114, 2020, DK B/BR, M
ladyrecorder,10904115, 2020, B, M
emozione,10904118, 2020, B, G
magicallove,10904120, 2020, CH, M
adasday,10904130, 2020, B, M
sommersun,10904133, 2020, B, G
amosswarrior,10904159, 2020, CH, H
dynamicsaga,10904160, 2020, B, G
bigstetson,10904161, 2020, DK B/BR, G
firstround,10904165, 2020, B, G
nobleattitude,10904177, 2020, CH, M
ackerman,10904178, 2018, CH, H
evorevoltoso,10904192, 2017, DK B, H
mastercharm,10904198, 2017, DK B, H
shadowcreek,10904620, 2020, B, G
harlingwold,10904623, 2020, B, M
halftimeshow,10904624, 2020, B, G
quantumquest,10904626, 2020, B, G
adaytodream,10904627, 2020, B, G
silentdawn,10904628, 2019, B, G
mamasboy,10904633, 2020, DK B/BR, G
ashintouring,10904637, 2019, B, H
shirase,10904645, 2019, GR, M
ashinlupin,10904652, 2019, GR, G
ashinglass,10904654, 2019, B, H
ashinnuuspet,10904655, 2019, B, M
waganse,10904658, 2019, GR, H
pikarie,10904659, 2019, GR, M
mozutanjiro,10904680, 2019, GR, H
nihonpiroclair,10904684, 2019, GR, M
ninadress,10904687, 2018, B, M
lunabriller,10904694, 2019, GR, M
inplainsight,10904712, 2020, B, M
kashinocommando,10904714, 2019, GR, M
libbysgambit,10904718, 2020, B, M
studlovin,10904761, 2020, B, H
urnotthefather,10904762, 2020, B, G
abraabra,10904764, 2020, B, M
myboybling,10904765, 2020, GR/RO, G
myfavoritesong,10904766, 2020, B, G
espadaazul,10904767, 2018, CH, M
kotonosansho,10904791, 2020, B, H
gonzaga,10904841, 2020, DK B/BR, G
apollortam,10904844, 2019, B, M
apollowailers,10904847, 2019, CH, M
coursscelta,10904852, 2019, B, H
lomar,10904859, 2018, B, H
moonandstars,10904862, 2018, B, M
lovelydrama,10904881, 2020, CH, M
vindicatedtiger,10904883, 2020, DK B/BR, G
hammerd,10904885, 2019, B, G
cabrinigreen,10904887, 2020, DK B/BR, M
nativebeach,10905360, 2020, B, G
okylelass,10905364, 2020, B, M
lagordita,10905368, 2020, B, M
carrigmoornaspruce,10905373, 2020, CH, M
kozachka,10905375, 2020, B, M
thebigboard,10905377, 2020, B, M
assertivewalk,10905378, 2020, B, G
summersnow,10905380, 2020, GR, M
sopranblakey,10905381, 2020, B, H
chocolatehobbnob,10905385, 2020, B, M
ummingnahing,10905386, 2020, CH, G
lionwait,10905388, 2020, B, G
alongtheway,10905389, 2020, GR, G
sovereignspirit,10905390, 2020, B, G
halfwayhouselad,10905393, 2019, B, G
unsensalavie,10905398, 2020, B, G
kyogo,10905399, 2020, CH, G
bellevarde,10905443, 2018, B, M
nightfox,10905465, 2020, CH, H
renegadegirl,10905467, 2020, DK B/BR, M
jrsconfidence,10905473, 2020, DK B/BR, G
happyplan,10905480, 2017, CH, M
yaleo,10905555, 2020, CH, M
apollokiranah,10905561, 2019, B, M
kokohime,10905580, 2019, GR, M
orientalking,10905600, 2019, DK B/BR, H
roadrose,10905604, 2017, B, M
willeimeru,10905607, 2020, CH, H
blazetovictory,10905608, 2018, B, H
recklessjones,10905615, 2020, DK B/BR, G
sunriseurus,10905622, 2018, B, H
believeinlov,10905645, 2020, CH, M
chooselov,10905646, 2020, DK B/BR, M
noordinarydude,10905647, 2020, DK B/BR, H
notaprayer,10905648, 2020, CH, G
soldiersworld,10906047, 2020, B, G
rodeojoe,10906048, 2020, B, G
purplelady,10906056, 2020, B, M
esmeray,10906057, 2020, DK B/BR, M
hangup,10906059, 2018, B, M
riverrider,10906062, 2020, CH, G
danzinginthedark,10906075, 2020, DK B/BR, H
themoneymachine,10906095, 2020, B, M
angelexpress,10906096, 2020, B, M
ecorogenerous,10906099, 2019, B, H
labrys,10906104, 2019, CH, G
cerezoplateado,10906107, 2020, GR, M
petitjean,10906561, 2020, CH, M
keepkoolcoko,10906563, 2020, DK B/BR, G
westuntime,10906567, 2020, CH, G
loboirish,10906569, 2020, GR/RO, H
nationalstory,10906889, 2020, CH, G
trippinonbeauty,10906892, 2020, B, G
prestokaiser,10906973, 2018, B, H
kirakaido,10906983, 2018, DK B/BR, G
flattersolution,10906992, 2020, B, G
gonesolution,10906993, 2019, DK B/BR, G
mamacocha,10906994, 2019, B, M
pyroscope,10906995, 2018, DK B/BR, H
sasayaki,10906996, 2020, DK B/BR, G
soulrush,10907002, 2018, DK B/BR, H
asamanoitazura,10907007, 2018, DK B/BR, H
jominister,10907009, 2018, B, M
believeinme,10907011, 2018, DK B/BR, M
mistersafari,10907014, 2018, DK B/BR, H
rioabiseo,10907015, 2018, CH, M
royalperfume,10907016, 2018, GR, M
boilerhouse,10907017, 2018, B, H
ashinchiller,10907022, 2018, B, M
noboversailles,10907028, 2018, DK B/BR, M
likemagic,10907032, 2018, DK B/BR, M
kenbridgesense,10907035, 2018, B, H
naritayell,10907036, 2018, B, M
crowsnest,10907037, 2018, GR, M
glorioussalm,10907048, 2018, DK B/BR, M
itstrue,10907057, 2018, B, H
guiltyblack,10907058, 2018, DK B/BR, H
pienaseira,10907059, 2018, B, M
sunriseverite,10907060, 2018, GR, H
meishostorm,10907063, 2018, B, G
yamanindracaena,10907066, 2018, B, H
meishosogon,10907069, 2018, CH, H
highlovesankei,10907070, 2018, CH, M
bagan,10907072, 2018, BLK, H
rockyou,10907073, 2018, DK B/BR, G
sunrisegrit,10907074, 2018, CH, H
perivallon,10907079, 2020, B, M
alkar,10907092, 2018, B, H
highflyby,10907110, 2018, B, M
lostnumber,10907117, 2017, CH, H
lethalcandy,10907120, 2017, CH, H
captainlannister,10907126, 2018, B, G
princessrocio,10907130, 2019, B, M
idolatry,10907141, 2020, B, H
cabinpressure,10907167, 2018, CH, H
aprilflowerbound,10907204, 2020, CH, M
supremewarrior,10907216, 2018, B, H
connectthebrocks,10907224, 2020, CH, G
isthatafact,10907228, 2020, B, H
cashelkitten,10907232, 2020, CH, G
prettymisspenny,10907235, 2020, DK B/BR, M
maggiet,10907238, 2020, GR/RO, M
indianaces,10907240, 2020, DK B/BR, M
redmemory,10907244, 2019, CH, M
tinydancer,10907245, 2019, B, G
lionsden,10907246, 2019, B, G
ontherunway,10907250, 2020, B, G
midsummerstorm,10907251, 2019, DK B/BR, M
directfire,10907272, 2020, BLK, G
shellbell,10907275, 2020, GR, M
invinciblelucky,10907318, 2020, B, G
newjoy,10907325, 2020, CH, M
hellomary,10907344, 2020, B, M
justbolts,10907348, 2020, B, G
gaming,10907353, 2020, CH, G
kentuckyrose,10907355, 2020, BR/BL, M
theinstructor,10907367, 2020, B, G
voltagepoint,10907372, 2020, B, G
tufftumus,10907397, 2020, B, G
altairiam,10907406, 2020, B, G
colleano,10907407, 2020, B, G
stormyfriendship,10907432, 2020, B, G
comeonoldgirl,10907433, 2020, B/BR, M
bonnaroo,10907435, 2020, B/BR, M
encoder,10907447, 2020, BR/BL, G
brokenbroken,10907450, 2020, B, M
twintelepathy,10907451, 2020, B, G
howdy,10907471, 2020, CH, G
eclipsion,10907479, 2020, B, G
punjabilanding,10907482, 2020, GR/CH, G
bravejoy,10907493, 2020, B/BR, G
prettysassy,10907498, 2020, B, M
bedelia,10907545, 2020, B, M
sectarius,10907546, 2020, B, G
preciosite,10907548, 2020, B, M
smila,10907551, 2020, B, M
warfleet,10907553, 2020, B, G
timelyartist,10907555, 2020, B/GR, G
musterion,10907556, 2020, B, M
roguedevega,10907557, 2020, B, G
breege,10907558, 2020, B, M
mikeschick,10907561, 2018, B, M
bloomington,10907569, 2018, CH, G
quezaltepec,10907579, 2017, DK B, H
soloparavos,10907581, 2017, DK B, H
taxfree,10907588, 2017, B, H
sparkles,10907601, 2020, B, M
warmonger,10907611, 2020, BR, G
superlove,10907612, 2020, B, G
supercharizzard,10907615, 2020, GR, G
antonito,10907616, 2020, DK B/BR, G
aprilia,10907625, 2020, B, M
chantillylace,10907628, 2020, BR, M
floodandfire,10907642, 2020, B, G
commander,10907643, 2020, B, G
judysgreat,10907655, 2020, B, G
guardedoptimist,10907657, 2020, B, G
pendragon,10907659, 2020, B, G
westernfront,10907662, 2020, B, G
sempersupra,10907664, 2020, B, M
luckyhotstuff,10907690, 2019, CH, M
palacedancer,10907693, 2019, CH, M
castashadow,10907694, 2019, B, G
dawgmentality,10907696, 2020, CH, G
twelvepillers,10907697, 2019, DK B/BR, H
luckyglitter,10907704, 2020, GR/RO, M
onceuponaserenade,10907716, 2020, B, G
thunderboy,10907719, 2019, B, G
asianmaria,10907734, 2017, CH, M
classicgirl,10907738, 2017, DK B, M
saribanker,10907739, 2017, DK B, M
denvercity,10907744, 2017, DK B, M
muchoverso,10907756, 2017, CH, G
rafiki,10907760, 2019, DK B/BR, G
zascha,10907766, 2019, B, M
dynamicdaisy,10907767, 2020, B, M
emmaslastgem,10907768, 2020, B, M
rubycarlras,10907772, 2019, CH, M
hearthedrums,10907777, 2019, CH, G
runningrolf,10907785, 2019, DK B/BR, G
mysteriousmind,10907786, 2019, B, M
newyorkstrip,10907794, 2019, B, G
fireandknives,10907797, 2020, B, G
deltanights,10907821, 2020, GR/RO, M
mangiapane,10907822, 2020, GR/RO, G
mistermafioso,10907826, 2020, GR/RO, G
companysdream,10907828, 2020, CH, G
silvercandice,10907831, 2020, GR/RO, M
eightsunsetdrive,10907832, 2020, DK B/BR, G
cloudmusic,10907833, 2020, B, G
kaseymeister,10907834, 2020, DK B/BR, M
stellaraction,10907837, 2018, GR/RO, M
cloughaneelymor,10908243, 2020, B, M
backtocali,10908250, 2020, B, G
sopranpolluce,10908255, 2020, B, M
ciollumsdelight,10908257, 2017, , M
fightingmachine,10908284, 2019, BR, G
charmingknight,10908304, 2019, B, G
ekopompeji,10908314, 2019, CH, G
sandmandarine,10908325, 2019, B, M
giantfortune,10908362, 2019, CH, M
recordbreaker,10908366, 2019, B, G
fredriqvonsoa,10908367, 2019, B, G
zagora,10908370, 2019, B, M
mojnaflojn,10908372, 2019, B, M
iceman,10908389, 2019, GR/RO, G
ghosttown,10908401, 2019, B, G
dorisslayingit,10908414, 2020, B, M
rollinsoperfect,10908415, 2019, CH, G
fearnot,10908416, 2019, CH, H
holiday,10908421, 2019, , M
zwishzaid,10908439, 2019, GR/RO, G
worreswinnie,10908444, 2019, B, M
smartdragon,10908464, 2019, B, H
austynjane,10908471, 2020, DK B/BR, M
mendelssecret,10908501, 2020, GR/RO, G
cmoon,10908502, 2019, B, G
liberiangirl,10908503, 2019, B, M
royaldane,10908505, 2019, B, G
diablodulce,10908513, 2018, CH, G
hesarock,10908515, 2020, CH, G
easterjim,10908516, 2020, DK B/BR, G
alternateabby,10908517, 2020, DK B/BR, M
maggiedcause,10908518, 2020, DK B/BR, M
cattalesky,10908519, 2020, DK B/BR, M
nitronina,10908520, 2020, CH, M
myrtlebeach,10908523, 2020, B, M
roseprick,10908920, 2020, CH, M
yesterdayshero,10908922, 2020, CH, G
grandadbob,10908923, 2020, CH, G
bellachica,10908934, 2018, , M
dennisspride,10908938, 2020, GR/RO, G
silverdragon,10908940, 2020, B, G
hondurashappy,10908941, 2020, CH, M
misshonduras,10908942, 2020, DK B/BR, M
spectrogram,10908965, 2019, CH, H
dagrforce,10908966, 2020, CH, G
leonjack,10908974, 2018, DK B/BR, M
mrkennedy,10908976, 2017, DK B, H
azzurro,10908987, 2019, CH, H
talkincadee,10909034, 2020, B, M
mastersong,10909047, 2017, DK B, M
locasacraf,10909048, 2017, GR/RO, M
womanstar,10909049, 2017, DK B, M
donalangosta,10909052, 2017, DK B, M
footnote,10909103, 2019, B, M
ejkiraly,10909150, 2019, DK B/BR, G
frangipani,10909161, 2019, B, M
runformrsriggs,10909174, 2019, CH, M
jillsjungle,10909187, 2020, B, G
galileosprings,10909195, 2020, CH, M
fristonbelle,10909199, 2020, B, M
hairypotter,10909200, 2020, B, G
stratus,10909202, 2020, B, G
endsoftheearth,10909203, 2020, B, H
drombeglad,10909205, 2020, B, G
indemnity,10909207, 2020, B, G
globalgold,10909212, 2017, B, H
doctorcarson,10909232, 2017, B, H
dontcalltooearly,10909241, 2019, DK B/BR, G
divineconqueror,10909246, 2019, B, G
shybella,10909263, 2019, DK B/BR, M
ydouhavetobesomean,10909270, 2019, B, G
goldentrebol,10909273, 2017, , H
weekendwarrior,10909955, 2020, B, G
connivingbeauty,10909958, 2020, B, M
curiosakirsten,10910065, 2017, DK B, M
surpriseofeaster,10910131, 2019, CH, G
wholu,10910163, 2020, GR/RO, M
twiddly,10910165, 2020, B, M
welcome,10910175, 2019, GR/RO, H
xinonima,10910177, 2019, B, H
goingorgeous,10910214, 2020, DK B/BR, M
highhannah,10910219, 2017, CH, M
mrmozart,10910227, 2020, B, G
aramaiona,10910231, 2017, DK B, M
southaptitude,10910236, 2017, DK B, H
notreetoile,10910246, 2017, CH, M
jazzbass,10910253, 2017, DK B, M
sirsterling,10910277, 2020, DK B/BR, G
orbitingbeauty,10910280, 2020, DK B/BR, G
daretocatchlove,10910281, 2020, DK B/BR, M
romonasdream,10910282, 2020, DK B/BR, M
notionstreet,10910326, 2020, B, M
vasariahsimage,10910327, 2020, CH, M
karlsbad,10910687, 2018, CH, H
fiercepride,10910695, 2018, DK B/BR, M
pinehill,10910698, 2018, GR, M
toroyal,10910707, 2018, B, H
tosirius,10910708, 2018, DK B/BR, H
kazunoojo,10910710, 2018, BLK, M
nishinometal,10910717, 2018, DK B/BR, H
sabbiamago,10910718, 2018, CH, H
askdonkiback,10910721, 2018, CH, H
winachilles,10910725, 2018, B, H
peptidesunrise,10910728, 2018, B, H
gototravel,10910730, 2018, DK B/BR, M
kadokarahajimaru,10910732, 2018, CH, H
bijoubrillante,10910733, 2018, CH, G
isntshelovely,10910734, 2018, B, M
dermatamon,10910738, 2018, CH, H
jlbridge,10910740, 2018, GR, H
mikkinuchibana,10910742, 2018, B, H
vannes,10910743, 2018, B, H
taikiforce,10910745, 2018, CH, H
flowing,10910747, 2018, B, H
samhunter,10910748, 2018, CH, H
watercity,10910754, 2017, DK B, M
osinaga,10910767, 2017, DK B, M
drenched,10910790, 2020, DK B/BR, M
pineapplelane,10910799, 2020, DK B/BR, H
perfectgentleman,10910833, 2020, B, G
spring,10910835, 2016, , M
queensahara,10910840, 2020, DK B/BR, M
sunsetsilhoutte,10910842, 2019, B, M
traditionalboy,10910845, 2018, B, G
runnersheat,10910848, 2019, CH, M
codeofconduct,10910859, 2019, B, M
timepiece,10910866, 2014, B, M
soupergenius,10910867, 2020, B, G
wonderwall,10910876, 2018, CH, H
yoliquido,10910879, 2018, CH, H
norwegianqueen,10910880, 2018, B, M
elcambiazo,10910881, 2018, B, G
wowcrack,10910883, 2018, B, M
grandejhen,10910887, 2018, CH, H
flatoutfreda,10910890, 2020, B, M
amazonianlass,10910897, 2020, B, M
flyingvalley,10910909, 2020, GR, G
thelittlepumper,10910951, 2020, B, G
wintheday,10910953, 2020, B, M
contacted,10910954, 2020, B/BR, M
superbaby,10910960, 2020, B, G
hotimenglish,10910982, 2020, B, G
centarus,10910989, 2020, CH, G
cheerstothat,10911000, 2020, B, M
fortunecookies,10911030, 2020, CH, G
densetsu,10911038, 2020, B, G
rhett,10911039, 2020, B, G
saratogapower,10911040, 2020, CH, G
fiddlersgreen,10911045, 2020, B, G
kaileesboy,10911047, 2020, B, G
peakyridge,10911056, 2020, B/BR, M
archhall,10911063, 2020, B, G
dongalactico,10911072, 2017, DK B, H
landrecon,10911079, 2017, DK B, H
youandi,10911089, 2019, B, M
shadowfax,10911093, 2019, B, H
jungleboogie,10911095, 2019, B, H
wolfmaster,10911104, 2019, DK B/BR, H
sargeincharge,10911107, 2019, B, H
misscaleesi,10911110, 2019, GR, M
ardskeaghnia,10911111, 2020, B, G
minidewak,10911114, 2019, B, M
ultimatemachine,10911115, 2019, CH, G
awesomerich,10911117, 2019, B, H
masterclass,10911118, 2019, B, G
yellowstone,10911119, 2019, CH, G
slam,10911120, 2019, B, G
funking,10911132, 2017, DK B, H
bluevinyl,10911146, 2019, CH, H
aavajaelyn,10911148, 2019, CH, M
bluesky,10911152, 2019, B, M
jaguar,10911154, 2019, CH, H
caveman,10911155, 2019, B, H
calltheemperor,10911158, 2019, B, H
bugatti,10911165, 2019, B, H
ringcharmer,10911166, 2018, B, M
seapoint,10911167, 2020, CH, H
lastbid,10911178, 2019, B, H
squeak,10911179, 2019, B, H
joinbattle,10911182, 2018, B, H
jumpingboard,10911190, 2018, B, H
roraima,10911197, 2019, B, H
greatwayne,10911206, 2019, B, G
lastdance,10911208, 2019, B, M
beastbunny,10911227, 2020, CH, M
storminunclejack,10911229, 2020, B, G
jacksyachtqueen,10911230, 2020, B, M
besparky,10911236, 2020, DK B/BR, G
spritzin,10911567, 2020, B, M
gringodaniel,10911570, 2017, CH, H
guerrerafina,10911572, 2017, DK B, M
oceanoazul,10911576, 2018, B, H
dasha,10911578, 2018, B, M
joker,10911580, 2018, B, H
obernai,10911581, 2018, B, H
matchup,10911582, 2017, CH, M
oleadaintherye,10911584, 2017, DK B, M
justifymylove,10911587, 2017, GR/RO, M
quickshego,10911591, 2017, DK B, M
keepthefaith,10911592, 2017, DK B, M
devonte,10911598, 2019, B, H
powerranking,10911608, 2019, B, G
selectme,10911610, 2019, B, M
legalbomb,10911631, 2019, CH, H
berningred,10911634, 2019, CH, H
cannalily,10911635, 2018, CH, M
slammer,10911636, 2019, B, G
aprilsgold,10911638, 2020, B, M
casinotricks,10911639, 2020, B, G
rainsville,10911643, 2019, GR, G
relentlessrocket,10911645, 2020, DK B/BR, M
nativemission,10911722, 2020, B, G
purebliss,10911727, 2018, B, M
lelienship,10911734, 2018, GR, M
sevendays,10911735, 2018, DK B/BR, H
truckin,10911737, 2020, CH, G
firstwildcat,10911738, 2020, DK B/BR, M
shesacoolcat,10911739, 2020, CH, M
sundaysunrise,10911740, 2020, B, G
hasseki,10911742, 2018, B, M
giulialabella,10911744, 2018, CH, M
reinajake,10911745, 2018, CH, M
fortidorotea,10911746, 2018, DK B/BR, M
sabisque,10911747, 2018, B, M
abadeah,10912290, 2020, DK B/BR, H
shootersrock,10912291, 2020, B, H
hazhoni,10912292, 2020, DK B/BR, M
quickbite,10912293, 2020, DK B/BR, M
peggynice,10912304, 2018, DK B/BR, M
amaterasu,10912308, 2018, BLK, M
tornaasurriento,10912309, 2018, B, M
palabracierta,10912310, 2018, B, M
yaren,10912311, 2018, DK B/BR, M
clarayprecisa,10912322, 2018, CH, M
zarak,10912327, 2018, DK B/BR, H
clarkkent,10912330, 2018, DK B/BR, H
lumemillan,10912333, 2018, GR/RO, H
sicompadre,10912334, 2018, B, G
superpirata,10912335, 2018, B, H
wildcoast,10912336, 2018, DK B/BR, H
silvercloud,10912339, 2018, B, G
capitanrobles,10912340, 2018, B, G
magodenaipes,10912341, 2018, CH, H
tierradecopihue,10912342, 2018, DK B/BR, H
dualipa,10912343, 2018, B, M
praderaturistica,10912351, 2018, B, M
nomepilla,10912352, 2018, CH, M
russana,10912353, 2018, B, M
kyne,10912354, 2018, DK B/BR, M
mosconaguapa,10912357, 2018, DK B/BR, M
divinaguadalupe,10912363, 2018, CH, M
smyrna,10912366, 2018, B, M
saleyha,10912368, 2018, B, M
misslevalamat,10912379, 2018, B, M
porsiemprecosa,10912381, 2018, B, M
laflower,10912382, 2018, B, M
corsarioazul,10912383, 2018, B, G
sirconstitution,10912384, 2018, DK B/BR, G
notodofuemalo,10912385, 2018, B, H
cannio,10912387, 2018, B, G
alfredthegreat,10912388, 2018, B, G
benvenutocellini,10912389, 2018, B, H
lohengrin,10912390, 2018, B, H
starhoney,10912392, 2018, B, H
argota,10912393, 2018, B, G
crispo,10912394, 2018, CH, G
fabinho,10912395, 2018, B, G
librejuan,10912396, 2018, CH, G
sangoya,10912398, 2018, DK B/BR, H
akaba,10912399, 2018, CH, H
atlast,10912400, 2018, B, H
williamfaulkner,10912402, 2018, B, G
mamboking,10912403, 2018, DK B/BR, H
margo,10912407, 2018, B, M
senoritajerico,10912409, 2018, B, M
sexandthecity,10912412, 2018, B, M
vannistergirl,10912414, 2018, B, M
quichina,10912415, 2018, B, M
mrpi,10912416, 2018, B, M
forevermican,10912417, 2018, B, M
indianstory,10912418, 2018, DK B/BR, M
rivendel,10912420, 2018, B, M
marinani,10912423, 2018, B, M
trasbambalinas,10912425, 2018, B, M
tonimorrison,10912427, 2018, B, M
lagunamalleco,10912430, 2018, B, M
laurbanista,10912436, 2018, CH, M
latote,10912437, 2018, DK B/BR, M
wildlook,10912439, 2018, B, M
gamorra,10912442, 2018, DK B/BR, M
risby,10912448, 2018, B, H
ventoforte,10912451, 2018, CH, H
troglo,10912453, 2018, DK B/BR, H
pixar,10912454, 2018, DK B/BR, G
ilnonnotano,10912455, 2018, DK B/BR, H
vienepuelche,10912457, 2018, B, G
elnotable,10912459, 2018, B, H
mascrecimiento,10912460, 2018, DK B/BR, G
tandecorativa,10912465, 2018, CH, M
lacapicua,10912466, 2018, B, M
cincuentona,10912467, 2018, B, M
ynadamas,10912471, 2018, B, M
perladelaustro,10912473, 2018, CH, M
backtoyou,10912476, 2018, DK B/BR, M
silaultima,10912480, 2018, CH, M
detapasycopas,10912482, 2018, GR/RO, M
sieterios,10912483, 2018, DK B/BR, M
misianena,10912489, 2018, DK B/BR, M
pehuajo,10912490, 2018, GR/RO, M
supernina,10912492, 2018, DK B/BR, M
lanortina,10912495, 2018, B, M
clavemaestra,10912497, 2018, B, M
tropicalspirit,10912504, 2018, B, M
sweetcelebration,10912505, 2018, B, M
granpiola,10912506, 2018, CH, M
jarradevino,10912509, 2018, B, M
carinastar,10912517, 2018, B, M
lachicaguapa,10912518, 2018, CH, M
carpacci,10912520, 2018, B, M
princesitachrome,10912528, 2018, CH, M
callejera,10912538, 2018, B, M
sosidola,10912541, 2018, DK B/BR, M
thundermist,10912542, 2018, CH, M
forevermar,10912550, 2018, CH, M
bucinda,10912551, 2018, DK B/BR, M
queenstown,10912558, 2018, B, M
lipsdontlie,10912562, 2018, DK B/BR, M
leyendaroja,10912569, 2018, DK B/BR, M
almaluz,10912576, 2018, DK B/BR, M
pelotaenlared,10912578, 2018, DK B/BR, M
sientealegria,10912581, 2018, DK B/BR, M
amordeltitanic,10912586, 2018, CH, M
summerlake,10912588, 2018, DK B/BR, M
lamentayllora,10912589, 2018, B, M
pandalinda,10912595, 2018, B, M
twoflags,10912596, 2018, B, M
touchofglory,10912599, 2018, B, M
empiezaavenirte,10912602, 2018, B, M
fifthplay,10912603, 2018, CH, M
zipora,10912607, 2018, DK B/BR, M
laclase,10912609, 2018, B, M
midoblea,10912611, 2018, DK B/BR, M
cristinavirginia,10912615, 2018, B, M
casalago,10912617, 2018, B, M
luckydaida,10912618, 2018, DK B/BR, M
gatussa,10912620, 2018, B, M
gunju,10912621, 2018, B, M
kunaq,10912622, 2018, DK B/BR, M
milei,10912623, 2018, DK B/BR, M
comparsadeamor,10912626, 2018, CH, M
ying,10912633, 2018, DK B/BR, M
royalprincess,10912635, 2018, DK B/BR, M
vitadamamma,10912636, 2018, B, M
miramisuerte,10912642, 2018, CH, M
nenufarazul,10912643, 2018, B, M
nubedeagua,10912644, 2018, DK B/BR, M
queenelizabetta,10912645, 2018, B, M
elegua,10912647, 2018, B, M
labareloneta,10912651, 2018, B, M
waterspeaker,10912652, 2018, B, M
quickmoney,10912657, 2018, CH, M
piazzadelpopolo,10912660, 2018, B, M
rafaganistel,10912663, 2018, B, M
vayacondios,10912666, 2018, B, M
estremenda,10912668, 2018, DK B/BR, M
tratameconamor,10912672, 2018, B, M
ascothouse,10912674, 2018, DK B/BR, M
navidadveloz,10912676, 2018, B, M
belezabahiana,10912678, 2018, B, M
sesimbra,10912679, 2018, B, M
domitrini,10912680, 2018, DK B/BR, M
michelitina,10912686, 2018, B, M
monpaloma,10912687, 2018, B, M
rubiabonita,10912688, 2018, CH, M
vanpel,10912691, 2018, B, M
tesalvaste,10912693, 2018, B, M
micochita,10912694, 2018, CH, M
cardeka,10912698, 2018, DK B/BR, M
roguenation,10912701, 2018, B, M
kissmeagain,10912703, 2018, B, M
rigoberta,10912707, 2018, B, M
dorticaveloz,10912708, 2018, B, M
kirikina,10912713, 2018, CH, M
minietaisabelita,10912718, 2018, CH, M
metrodora,10912720, 2018, B, M
rosadeitalia,10912728, 2018, B, M
popstar,10912730, 2018, B, M
seisdecaro,10912731, 2018, B, M
larumbera,10912736, 2018, B, M
ladyluna,10912741, 2018, B, M
bahiabuena,10912745, 2018, DK B/BR, M
laresaca,10912746, 2018, CH, M
trianna,10912748, 2018, CH, M
luminara,10912752, 2018, CH, M
latorodepiedra,10912754, 2018, DK B/BR, M
myfeelings,10912756, 2018, B, M
stardelalta,10912758, 2018, DK B/BR, M
mysweetprinces,10912759, 2018, CH, M
giantcath,10912766, 2018, B, M
cantoamaria,10912768, 2018, DK B/BR, M
withpassion,10912769, 2018, GR/RO, M
sweetdeclaration,10912770, 2018, B, M
divamulata,10912777, 2018, DK B/BR, M
californiastorm,10912779, 2018, B, M
laescudera,10912782, 2018, CH, M
ruciatop,10912785, 2018, CH, M
rodesia,10912791, 2018, CH, M
alaorden,10912792, 2018, B, M
suspiramiamor,10912794, 2018, B, M
dulceencanto,10912795, 2018, B, M
chicavirtuosa,10912796, 2018, B, M
buythewind,10912798, 2018, DK B/BR, M
sigaelbaile,10912799, 2018, B, M
conlasguitarras,10912801, 2018, B, M
tearday,10912804, 2018, DK B/BR, M
fulldistintion,10912812, 2018, B, M
mustdelia,10912814, 2018, GR/RO, M
thefaster,10912821, 2018, B, G
wallstreetwolf,10912822, 2018, B, H
dubaicandy,10912825, 2018, B, H
patmaho,10912826, 2018, CH, H
nextgeneration,10912828, 2018, B, G
respect,10912829, 2018, DK B/BR, H
sweetrose,10912836, 2018, CH, M
surimar,10912837, 2018, GR/RO, M
donaathenea,10912839, 2018, CH, M
gloriosaamanda,10912842, 2018, CH, M
fusy,10912844, 2018, CH, M
heynina,10912849, 2018, B, M
ticca,10912850, 2018, B, M
sociafeliz,10912851, 2018, B, M
lizza,10912853, 2018, CH, M
vuelaelamor,10912861, 2018, B, M
lallybroch,10912864, 2018, DK B/BR, M
themachine,10912867, 2018, CH, M
dontcrybehappy,10912868, 2018, B, M
granhumboldt,10912873, 2018, DK B/BR, H
congobelga,10912874, 2018, B, H
goldenwarrior,10912876, 2018, CH, H
cubito,10912877, 2018, B, G
robarteunbeso,10912879, 2018, B, G
fergussuter,10912881, 2018, DK B/BR, G
mumoquerido,10912882, 2018, B, H
cederic,10912883, 2018, CH, G
martillerodeplata,10912885, 2018, B, H
legende,10912888, 2018, CH, M
dulceagua,10912894, 2018, B, M
albamaria,10912896, 2018, B, M
superisi,10912899, 2018, DK B/BR, M
californiathunder,10912905, 2018, CH, M
touristella,10912906, 2018, DK B/BR, M
senoracuco,10912907, 2018, DK B/BR, M
strangerbeauty,10912908, 2018, B, M
filomena,10912910, 2018, B, M
flashstreak,10912911, 2018, DK B/BR, M
innuendo,10912912, 2018, B, M
missmagica,10912916, 2018, B, M
oldstory,10912917, 2018, B, M
lamasviva,10912920, 2018, DK B/BR, M
guerreromazai,10912923, 2018, B, H
fiftyfifty,10912925, 2018, B, G
siguetupasion,10912927, 2018, B, H
rocketman,10912929, 2018, CH, H
indiocongracia,10912931, 2018, B, G
matenko,10912932, 2018, B, G
sumaysigue,10912936, 2018, BLK, H
loyalty,10912940, 2018, GR/RO, H
greekdancer,10912943, 2018, DK B/BR, M
halissa,10912944, 2018, B, M
sonomabeach,10912945, 2018, B, M
gregoria,10912946, 2018, CH, M
tuffara,10912947, 2018, B, M
specialdate,10912950, 2018, B, M
ritza,10912955, 2018, DK B/BR, M
malaquena,10912961, 2018, CH, M
mantaelegante,10912962, 2018, B, M
todocambia,10912966, 2018, B, M
dandoamor,10912967, 2018, B, M
rayosycentellas,10912980, 2018, B, H
elduke,10912983, 2018, DK B/BR, G
oscuroysalvaje,10912984, 2018, BLK, H
georgeblack,10912986, 2018, B, H
granpepe,10912988, 2018, DK B/BR, G
eltitinga,10912990, 2018, GR/RO, H
thelaw,10912994, 2018, CH, H
negrodeoro,10912995, 2018, DK B/BR, G
reydelbio,10912998, 2018, CH, G
picana,10913010, 2018, DK B/BR, M
conociendote,10913013, 2018, B, M
okinawa,10913023, 2018, B, M
sarandi,10913024, 2018, DK B/BR, M
guapailusion,10913030, 2018, B, M
ernesta,10913038, 2018, DK B/BR, M
kingforaday,10913039, 2018, CH, G
thelance,10913040, 2018, B, G
interception,10913042, 2018, B, H
chicobestia,10913043, 2018, B, H
tordilloamigo,10913044, 2018, GR/RO, H
luchinenojon,10913047, 2018, CH, G
grandrago,10913052, 2018, B, G
eclipsedeoro,10913055, 2018, CH, G
tetulio,10913056, 2018, B, H
rosalavasca,10913059, 2018, B, M
signofthetime,10913060, 2018, DK B/BR, M
nanverqui,10913062, 2018, CH, M
soyana,10913066, 2018, CH, M
teresh,10913068, 2018, B, M
rienina,10913069, 2018, CH, M
publicist,10913070, 2018, DK B/BR, M
kassana,10913074, 2018, CH, M
lacaracola,10913075, 2018, B, M
suffisano,10913076, 2018, DK B/BR, M
lucylou,10913077, 2018, CH, M
viejachela,10913086, 2018, B, M
lamascarilla,10913091, 2018, B, M
delicadaybella,10913093, 2018, CH, M
romantiquestar,10913095, 2018, B, M
johnnybgoode,10913097, 2018, CH, G
misterchampion,10913104, 2018, B, H
riomalleco,10913106, 2018, B, G
huacarneco,10913110, 2018, B, G
granverraco,10913113, 2018, B, G
graciassenor,10913114, 2018, B, H
casadepapel,10913118, 2018, B, M
anajosefa,10913119, 2018, B, M
niteryder,10913120, 2018, B, M
simpleybella,10913123, 2018, B, M
bonasort,10913132, 2018, CH, M
miaganza,10913136, 2018, B, M
cremadementa,10913138, 2018, DK B/BR, M
ladietista,10913140, 2018, CH, M
reconditaarmonia,10913141, 2018, B, M
corniglia,10913142, 2018, B, M
saveira,10913144, 2018, B, M
secretodegrace,10913154, 2018, B, M
granely,10913155, 2018, DK B/BR, M
xenses,10913156, 2018, B, H
allfun,10913157, 2018, B, H
grandcorcel,10913159, 2018, B, G
sonocontento,10913160, 2018, B, H
grandenotari,10913161, 2018, B, G
frankslade,10913162, 2018, CH, H
fantasticdubai,10913164, 2018, DK B/BR, H
enviadoespecial,10913167, 2018, B, G
giorno,10913168, 2018, B, H
elarquitecto,10913169, 2018, DK B/BR, H
linz,10913170, 2018, B, G
ochodeabril,10913171, 2018, B, H
arturoydiezmas,10913172, 2018, DK B/BR, H
paisantino,10913173, 2018, B, H
peuchen,10913174, 2018, DK B/BR, G
musicofeliz,10913175, 2018, DK B/BR, H
granbicho,10913176, 2018, DK B/BR, G
manolin,10913178, 2018, DK B/BR, H
beglad,10913179, 2018, B, G
septimiosevero,10913182, 2018, DK B/BR, H
strongshallow,10913187, 2018, CH, G
limitless,10913188, 2018, DK B/BR, G
argoji,10913190, 2018, CH, G
brujochilote,10913191, 2018, B, G
dmologist,10913192, 2018, B, H
complot,10913193, 2018, CH, H
esculapio,10913195, 2018, DK B/BR, G
tuguolo,10913196, 2018, B, H
buenritmo,10913197, 2018, B, H
elleyenda,10913198, 2018, B, H
figureti,10913199, 2018, B, H
hopetitution,10913201, 2018, B, H
lalitodaddy,10913204, 2018, DK B/BR, G
wenacastillo,10913205, 2018, B, G
bobofemmeman,10913206, 2018, B, G
dangercolt,10913210, 2018, B, H
jazzista,10913212, 2018, CH, H
ferresi,10913214, 2018, CH, H
bladtepes,10913215, 2018, B, H
elsheldon,10913219, 2018, B, H
dalcahuechiloe,10913220, 2018, B, G
tutocorto,10913221, 2018, B, H
estonoesfacil,10913225, 2018, B, H
terik,10913227, 2018, B, H
thebadulaque,10913231, 2018, B, G
gillibert,10913232, 2018, DK B/BR, G
gamberetti,10913233, 2018, B, H
cicarelli,10913234, 2018, B, G
indianpoet,10913235, 2018, DK B/BR, H
seacourt,10913236, 2018, B, H
lomachenko,10913237, 2018, B, H
dubaibeach,10913238, 2018, DK B/BR, H
scatdiamond,10913240, 2018, B, H
redhot,10913241, 2018, B, H
powerdenver,10913243, 2018, CH, G
thelastwolf,10913247, 2018, B, H
boxthree,10913248, 2018, DK B/BR, G
ascotrain,10913250, 2018, CH, G
losmontecillos,10913252, 2018, B, G
elitaliano,10913254, 2018, B, G
superioramuchos,10913255, 2018, CH, H
tatanforever,10913257, 2018, B, H
timetodrink,10913258, 2018, B, G
zorba,10913262, 2018, B, H
autenticosoy,10913263, 2018, CH, H
trinobante,10913264, 2018, B, H
thelastdance,10913265, 2018, DK B/BR, H
karun,10913267, 2018, GR/RO, G
shotfortress,10913269, 2018, CH, H
glenfiddich,10913271, 2018, DK B/BR, H
circumpolar,10913272, 2018, B, H
elbateador,10913273, 2018, B, H
negroyiyi,10913277, 2018, B, H
grandjab,10913278, 2018, CH, H
antiyal,10913279, 2018, CH, G
grandivo,10913281, 2018, DK B/BR, H
roncola,10913283, 2018, B, G
incredible,10913284, 2018, CH, G
mrcolon,10913285, 2018, B, G
californiaspring,10913286, 2018, CH, H
milteo,10913289, 2018, DK B/BR, H
porsiemprepaul,10913291, 2018, B, H
essalado,10913292, 2018, B, G
triplecoronado,10913293, 2018, B, G
reydelmambo,10913295, 2018, GR/RO, H
alataque,10913296, 2018, B, G
keysersoze,10913298, 2018, DK B/BR, H
temaukel,10913299, 2018, DK B/BR, H
portobelaggio,10913301, 2018, B, G
manases,10913303, 2018, B, H
bigfactor,10913305, 2018, B, G
muyamigo,10913307, 2018, B, H
leblanc,10913310, 2018, DK B/BR, H
grantomahawk,10913312, 2018, CH, H
amuertesocio,10913315, 2018, B, G
malayo,10913319, 2018, B, G
rondaindia,10913320, 2018, DK B/BR, G
ironprince,10913321, 2018, B, G
yasilio,10913323, 2018, B, H
superdokan,10913324, 2018, B, H
senorcanales,10913326, 2018, B, G
patrickjane,10913328, 2018, CH, H
mediomundo,10913330, 2018, DK B/BR, G
ciaoatutti,10913331, 2018, CH, G
lerici,10913332, 2018, CH, H
bonpatrick,10913334, 2018, B, G
unguarito,10913335, 2018, B, H
ironbit,10913336, 2018, B, G
strangerthings,10913337, 2018, B, G
primojano,10913339, 2018, B, H
elquerol,10913342, 2018, B, G
barcode,10913343, 2018, B, G
ramatgan,10913344, 2018, B, H
kingroad,10913346, 2018, B, H
atonra,10913347, 2018, B, H
pintamonos,10913349, 2018, CH, G
strongwind,10913350, 2018, DK B/BR, H
flagship,10913351, 2018, CH, H
caritadequeso,10913353, 2018, B, H
luiverar,10913354, 2018, B, H
huracanoscar,10913355, 2018, CH, G
vantablack,10913356, 2018, DK B/BR, G
donburro,10913358, 2018, B, H
factorsorpresa,10913359, 2018, CH, G
mybjork,10913361, 2018, B, H
tiroatiro,10913363, 2018, B, H
hagalemijo,10913365, 2018, B, H
postify,10913367, 2018, CH, H
elexitoso,10913372, 2018, GR/RO, H
corneche,10913373, 2018, B, H
makebelieve,10913374, 2018, CH, G
eljoyero,10913376, 2018, B, H
doridad,10913378, 2018, B, H
tafoe,10913381, 2018, DK B/BR, H
grancanamito,10913382, 2018, CH, H
oz,10913384, 2018, DK B/BR, H
charromoreno,10913385, 2018, B, G
strongcacique,10913389, 2018, DK B/BR, H
estarsolo,10913391, 2018, DK B/BR, H
perfectdaddy,10913393, 2018, DK B/BR, G
hotelcalifornia,10913394, 2018, CH, H
bigmondo,10913396, 2018, CH, G
talentoclasico,10913397, 2018, CH, H
yusuf,10913398, 2018, B, H
bairoletto,10913399, 2018, B, H
royalluck,10913400, 2018, B, G
superocho,10913401, 2018, B, H
stitch,10913409, 2018, B, G
abueloyayo,10913410, 2018, CH, G
rubiodorado,10913411, 2018, CH, G
carinosito,10913412, 2018, B, H
californiadaddy,10913413, 2018, B, G
miprimojuanjo,10913416, 2018, B, H
contuti,10913417, 2018, DK B/BR, G
sotodeangol,10913418, 2018, B, H
mrlucky,10913419, 2018, B, H
tintorero,10913420, 2018, DK B/BR, G
estacional,10913421, 2018, CH, H
rubioalocado,10913425, 2018, CH, H
pachakuti,10913426, 2018, B, H
dizengof,10913429, 2018, B, G
aldesquite,10913430, 2018, B, H
gatitomojado,10913431, 2018, CH, G
elbingo,10913433, 2018, CH, G
pesyon,10913434, 2018, CH, G
greatcalifornia,10913437, 2018, CH, H
papudochrome,10913438, 2018, B, H
montaigne,10913441, 2018, B, G
notablebob,10913443, 2018, B, H
lientur,10913444, 2018, B, H
mandamas,10913445, 2018, DK B/BR, H
niquense,10913446, 2018, CH, H
royalfierce,10913447, 2018, B, G
coffeebay,10913448, 2018, CH, G
elbacan,10913450, 2018, DK B/BR, H
lemuy,10913451, 2018, B, G
thewinner,10913455, 2018, B, H
royalpaint,10913456, 2018, B, G
braganti,10913460, 2018, B, H
nestum,10913462, 2018, CH, H
jorbacho,10913468, 2018, CH, G
mailgoods,10913471, 2018, DK B/BR, G
hernest,10913474, 2018, DK B/BR, G
maxicrack,10913475, 2018, B, G
holymadness,10913478, 2018, DK B/BR, H
daddyforever,10913479, 2018, B, G
audelio,10913480, 2018, CH, H
cerrobaron,10913482, 2018, B, H
buenpagador,10913483, 2018, B, H
ifyouneedme,10913484, 2018, CH, H
thegreatjohnny,10913485, 2018, DK B/BR, G
kingofmagic,10913487, 2018, B, H
melollevo,10913489, 2018, B, G
riodelasminas,10913490, 2018, B, H
soypenquista,10913492, 2018, B, H
nedgowan,10913494, 2018, B, H
dubaicat,10913496, 2018, B, G
aluvion,10913497, 2018, CH, G
encantoveloz,10913498, 2018, DK B/BR, G
elpatronderoma,10913500, 2018, DK B/BR, G
donpicho,10913502, 2018, DK B/BR, H
magictiger,10913504, 2018, B, H
waiwen,10913505, 2018, DK B/BR, H
paolosi,10913506, 2018, B, G
rockybalboa,10913508, 2018, B, H
rakata,10913510, 2018, DK B/BR, G
jonahlomu,10913512, 2018, B, H
caprichodemama,10913514, 2018, B, G
palabradehombre,10913516, 2018, B, H
minato,10913517, 2018, B, H
elmarshal,10913518, 2018, DK B/BR, G
reyirlandes,10913519, 2018, B, G
luckygino,10913523, 2018, B, G
lookdad,10913524, 2018, B, G
xuxolui,10913531, 2018, BLK, H
alashdi,10913532, 2018, B, G
mufasaforever,10913533, 2018, B, G
andredcarlos,10913534, 2018, DK B/BR, H
coppola,10913536, 2018, B, H
baritonovero,10913537, 2018, B, H
mistermandarino,10913541, 2018, CH, H
piancavallo,10913542, 2018, B, H
reysidonio,10913543, 2018, B, H
rossonero,10913545, 2018, B, H
barrabases,10913546, 2018, B, G
granflopi,10913547, 2018, B, H
granlucretio,10913552, 2018, B, H
jachico,10913553, 2018, B, H
maysak,10913555, 2018, B, G
juanancho,10913556, 2018, DK B/BR, H
subi,10913559, 2018, B, H
upandunder,10913561, 2018, B, H
midiezporciento,10913568, 2018, B, G
roheryn,10913569, 2018, B, H
torojack,10913570, 2018, B, H
vaquerodeloeste,10913571, 2018, B, H
jefazo,10913572, 2018, DK B/BR, G
puissantroi,10913574, 2018, B, G
grandejarsha,10913576, 2018, DK B/BR, G
perfecttona,10913577, 2018, B, H
panthro,10913578, 2018, DK B/BR, G
orizzonti,10913579, 2018, DK B/BR, H
senday,10913580, 2018, BLK, G
dignisimo,10913581, 2018, B, G
sugarfree,10913582, 2018, B, H
seekingthesoul,10913584, 2018, CH, G
goldenlooking,10913586, 2018, DK B/BR, H
elcientifico,10913590, 2018, CH, H
strongmuchacho,10913595, 2018, B, H
elmechon,10913596, 2018, CH, H
rubioherpri,10913597, 2018, CH, H
zizu,10913598, 2018, B, H
strongheart,10913599, 2018, B, G
elmentalista,10913602, 2018, DK B/BR, H
rioyelcho,10913604, 2018, B, H
tamino,10913605, 2018, DK B/BR, G
sinjuzgar,10913608, 2018, DK B/BR, H
johnnybravo,10913610, 2018, B, H
contentosenor,10913614, 2018, CH, H
fullcasablanca,10913615, 2018, DK B/BR, H
rasheem,10913617, 2018, B, H
vinodivino,10913618, 2018, DK B/BR, G
thechiproderick,10913622, 2018, CH, H
monchitocrack,10913623, 2018, CH, H
oreidaddy,10913624, 2018, CH, H
maximofacundo,10913625, 2018, DK B/BR, G
patitasdeoro,10913626, 2018, DK B/BR, G
bigtebi,10913627, 2018, DK B/BR, H
xelha,10913628, 2018, CH, G
amelionistel,10913629, 2018, CH, H
barbarian,10913630, 2018, B, G
kaiserzose,10913631, 2018, B, H
elcantor,10913633, 2018, DK B/BR, G
encordado,10913634, 2018, BLK, H
shallow,10913635, 2018, BLK, H
maxiwario,10913636, 2018, B, G
vivirconalegria,10913640, 2018, DK B/BR, H
granprofesor,10913644, 2018, B, H
superagent,10913645, 2018, DK B/BR, G
rielavida,10913646, 2018, B, H
rostov,10913647, 2018, B, H
elrector,10913648, 2018, B, G
thiaguito,10913649, 2018, CH, H
icarito,10913651, 2018, DK B/BR, H
alonsitorock,10913653, 2018, B, H
drinkinghappy,10913654, 2018, DK B/BR, H
lombardy,10913655, 2018, CH, G
lastkiss,10913656, 2018, DK B/BR, H
mon,10913657, 2018, CH, G
gemaneelmagio,10913658, 2018, B, H
kinglion,10913659, 2018, B, H
respectthegame,10913663, 2018, B, G
dubaimarket,10913664, 2018, CH, H
jonsnow,10913665, 2018, B, H
fullarmy,10913668, 2018, B, H
fullfever,10913669, 2018, CH, H
addis,10913670, 2018, GR/RO, G
salus,10913671, 2018, B, H
hammertime,10913675, 2018, DK B/BR, H
mosala,10913676, 2018, B, H
marseillais,10913679, 2018, CH, H
rodelindocrack,10913681, 2018, DK B/BR, G
desdeelcielo,10913682, 2018, DK B/BR, H
wilf,10913684, 2018, B, H
pointofnoreturn,10913685, 2018, B, G
sognodicampione,10913686, 2018, B, H
elflorito,10913689, 2018, DK B/BR, H
chedad,10913690, 2018, DK B/BR, H
stronger,10913692, 2018, CH, H
supermolino,10913693, 2018, B, H
elmasberraco,10913695, 2018, B, H
badboy,10913696, 2018, BLK, G
fushiney,10913697, 2018, B, H
intrigant,10913699, 2018, B, G
finalrenido,10913700, 2018, B, H
anonimo,10913701, 2018, CH, G
menshikov,10913704, 2018, CH, H
elmaga,10913706, 2018, B, G
elcobalto,10913707, 2018, B, H
alphacolt,10913708, 2018, B, H
thealien,10913709, 2018, B, G
pippip,10913712, 2020, DK B/BR, G
mistermidas,10913714, 2020, B, G
vanyar,10913716, 2018, CH, H
cosmonoisette,10913717, 2018, B, H
foreverkayo,10913718, 2018, B, M
sunrisesky,10913725, 2018, CH, H
buchedenoel,10913727, 2018, CH, M
sanvicente,10913730, 2018, B, M
grandrise,10913737, 2018, DK B/BR, H
satonoramses,10913740, 2018, B, H
serdiana,10913741, 2018, B, M
namurarokuro,10913742, 2018, B, H
queennemoshin,10913745, 2018, DK B/BR, M
tmventure,10913747, 2018, B, H
wonderpurete,10913748, 2018, CH, M
bakeru,10913749, 2018, DK B/BR, H
sincerelydarling,10913750, 2018, B, M
filmscore,10913751, 2018, DK B/BR, M
kollen,10913761, 2017, DK B, M
catcherkey,10913763, 2017, CH, H
pantallera,10913768, 2016, BR, M
eldorado,10913794, 2017, BR, H
ilfilangieri,10913795, 2016, DK B/BR, H
reycotua,10913796, 2017, B, H
dujour,10913798, 2019, B, M
hermanojuancho,10913799, 2017, BR, H
catirademayo,10913800, 2016, CH, M
marsellesa,10913802, 2016, CH, M
ladeplata,10913804, 2015, BR, M
rustondrill,10913822, 2019, B, M
unbridledsass,10913823, 2020, GR/RO, M
falconcrest,10913829, 2017, B, M
aspavento,10913838, 2017, DK B, H
doncacao,10913839, 2017, DK B, H
hakusanharbor,10913848, 2018, CH, H
amazingtime,10913849, 2018, B, H
borderlineoutaline,10913854, 2020, DK B/BR, G
warburn,10913863, 2020, DK B/BR, H
mairiverstorm,10913865, 2020, DK B/BR, G
hagowsiumei,10913867, 2019, B, H
posingalready,10913870, 2019, B, H
mylastdream,10913887, 2018, DK B/BR, M
wembanyama,10913917, 2020, B, G
donam,10913923, 2020, B, G
mastertwins,10914022, 2017, GR/RO, M
guirgal,10914023, 2017, DK B, M
exciseofficer,10914031, 2017, DK B, H
doncenturion,10914056, 2017, DK B, H
donaescopeta,10914058, 2017, DK B, M
donatacana,10914059, 2017, DK B, M
masterterms,10914073, 2017, GR/RO, M
salsataquera,10914088, 2017, DK B, M
nievre,10914089, 2017, DK B, H
escapista,10914113, 2017, CH, M
rayovallecano,10914138, 2017, CH, H
bouquetkey,10914145, 2017, CH, H
corracandy,10914162, 2017, CH, M
clearbless,10914164, 2017, GR/RO, M
jericoacoara,10914170, 2017, B, M
citysqueen,10914187, 2017, CH, M
poliamorosa,10914214, 2017, DK B, M
masterwave,10914224, 2017, GR/RO, M
mayica,10914266, 2017, B, M
triunfadora,10914269, 2017, GR/RO, M
idiala,10914304, 2017, DK B, M
keyra,10914307, 2017, DK B, M
humilla,10914317, 2017, DK B, M
equalprince,10914370, 2017, DK B, H
masdiscreto,10914394, 2017, CH, H
guyana,10914406, 2017, CH, M
haragano,10914408, 2017, CH, H
amiguitoantonio,10914413, 2017, B, H
pelucarye,10914427, 2017, GR/RO, M
marciawinter,10914465, 2017, DK B, M
potrorayado,10914466, 2017, B, H
sardegna,10914486, 2017, B, M
franscat,10914495, 2017, CH, H
absuelto,10914554, 2017, GR/RO, H
caluaby,10914560, 2017, CH, M
copypaste,10914577, 2017, DK B, M
loveyoutrue,10914605, 2017, CH, M
pequenadancer,10914618, 2017, DK B, M
bellezadearteaga,10914622, 2017, CH, M
lacampagne,10914649, 2017, DK B, M
legendarioblue,10914656, 2017, DK B, H
ladybelucky,10914659, 2017, DK B, M
melodiarye,10914660, 2017, DK B, M
valerianojoy,10914662, 2017, DK B, H
freeling,10914758, 2017, DK B, M
cardiatica,10914778, 2017, DK B, M
donacopa,10914782, 2017, DK B, M
inventame,10914783, 2017, DK B, M
secretablack,10914796, 2017, DK B, M
insideyou,10914805, 2017, CH, M
katikos,10914847, 2017, DK B, H
florenceeclipse,10914858, 2017, CH, M
whizfizz,10914880, 2017, GR/RO, G
puraverdad,10914896, 2017, B, M
suzak,10914961, 2017, DK B, M
gongoftriomphe,10914982, 2017, GR/RO, H
dixiezen,10915037, 2017, GR/RO, H
mott,10915082, 2017, DK B, H
quevision,10915097, 2017, CH, H
donbeco,10915103, 2017, CH, H
rubiaawe,10915125, 2017, CH, M
vallvidrera,10915126, 2017, DK B, M
rosheen,10915145, 2017, DK B, M
riohalo,10915151, 2017, CH, H
costainteractiva,10915154, 2017, DK B, M
pyscos,10915199, 2017, DK B, H
skyhalo,10915202, 2017, DK B, M
bennington,10915350, 2017, CH, H
mandameunemail,10915362, 2017, B, M
juezacoraje,10915376, 2017, DK B, M
shortskirt,10915377, 2017, DK B, M
isadesiempre,10915380, 2017, CH, M
eternityking,10915396, 2017, GR/RO, H
chalab,10915425, 2017, DK B, H
avispareina,10915446, 2017, DK B, M
cityrunner,10915467, 2017, DK B, M
shadesofrose,10915484, 2017, DK B, M
laycanblues,10915486, 2017, DK B, H
nocheras,10915491, 2017, GR/RO, M
scudetto,10915503, 2017, CH, H
pertinaxjoy,10915539, 2017, DK B, H
joyneverland,10915541, 2017, B, M
reinademollendo,10915590, 2017, GR/RO, M
masterbou,10915591, 2017, GR/RO, M
retwittear,10915620, 2017, CH, M
blueexchange,10915648, 2017, GR/RO, H
ciudadanopopular,10915685, 2017, DK B, H
mastercocktail,10915719, 2017, CH, M
curiosacraf,10915721, 2017, CH, M
invasion,10915730, 2017, CH, M
juanadeoro,10915776, 2017, CH, M
quetza,10915820, 2017, DK B, M
laguardia,10915867, 2017, DK B, M
suenabaronesa,10915895, 2017, DK B, M
pinipons,10915905, 2017, DK B, G
tesoropirata,10915909, 2017, DK B, G
animalstar,10915911, 2017, GR/RO, H
fantasticcraf,10915988, 2017, DK B, H
zuranzuran,10915990, 2017, GR/RO, H
masterregis,10915991, 2017, GR/RO, M
lirilubanker,10915998, 2017, CH, M
missandei,10916015, 2017, DK B, M
ansiaeterna,10916020, 2017, CH, M
eunikeeclipse,10916046, 2017, GR/RO, M
bemused,10916055, 2017, CH, M
bellissimo,10916061, 2017, DK B, H
lareprise,10916087, 2017, DK B, M
sanjuanero,10916111, 2017, CH, H
mistura,10916113, 2017, DK B, M
blanquita,10916133, 2017, CH, M
filosoclass,10916155, 2017, DK B, H
imsure,10916192, 2017, DK B, M
mrwilliam,10916256, 2017, CH, H
bambcraf,10916324, 2017, DK B, H
dracarys,10916345, 2017, GR/RO, M
jupino,10916366, 2017, DK B, H
poderescabiar,10916392, 2017, DK B, H
fustero,10916400, 2017, DK B, H
cantabonita,10916401, 2017, DK B, M
lunadetango,10916463, 2017, CH, M
geronimafitz,10916504, 2017, DK B, M
dancingcause,10916579, 2017, CH, M
bestofus,10916696, 2017, DK B, H
saritahalo,10916719, 2017, B, M
danapoint,10916722, 2017, DK B, M
elforastero,10916777, 2017, DK B, G
emeritcraf,10916794, 2017, CH, M
wouldyoulike,10916856, 2017, DK B, M
corazondeleon,10916887, 2017, CH, H
islandprofile,10916911, 2017, DK B, M
qifpirata,10916915, 2017, DK B, M
miperspectiva,10916933, 2017, DK B, M
cashhera,10916955, 2017, CH, M
salicahalo,10916989, 2017, DK B, M
vamosaandar,10917037, 2017, CH, M
icyjoya,10917088, 2017, DK B, M
berrypequeno,10917159, 2017, CH, H
misilbailarina,10917223, 2017, DK B, M
maiposdancer,10917260, 2017, CH, M
meamore,10917297, 2017, DK B, M
prontavida,10917301, 2017, CH, M
dineroreal,10917317, 2017, DK B, H
mightyroman,10917332, 2017, CH, H
reepromocionada,10917352, 2017, B, M
rikypower,10917374, 2017, DK B, H
tulkarem,10917453, 2017, DK B, H
funkeiro,10917494, 2017, CH, H
vascodeacero,10917560, 2017, CH, H
amigointimo,10917569, 2017, DK B, H
queenmarta,10917612, 2017, DK B, M
lamariu,10917619, 2017, CH, M
labienpintada,10917667, 2017, DK B, M
esmeraldaday,10917675, 2017, CH, M
embaladagirl,10917691, 2017, DK B, M
anchodeespadas,10917768, 2017, GR/RO, H
thedani,10917786, 2017, DK B, H
chicasonada,10917802, 2017, CH, M
pandoragirl,10917822, 2017, B, M
gerardini,10917890, 2017, DK B, H
akasha,10917910, 2017, DK B, M
beautyvioleta,10917969, 2017, DK B, M
santorus,10917976, 2017, CH, H
chicoboy,10918027, 2017, DK B, H
triumphnholiday,10918046, 2017, GR/RO, M
princesamay,10918056, 2017, GR/RO, M
sirvision,10918058, 2017, GR/RO, H
orpenmoon,10918202, 2017, DK B, M
catedraticolunfo,10918289, 2017, CH, H
pineseeds,10918291, 2017, DK B, M
superhankita,10918304, 2017, DK B, M
chacharide,10918320, 2017, DK B, M
kingscode,10918332, 2017, DK B, H
ladyrunner,10918368, 2017, GR/RO, M
flyingstone,10918566, 2017, DK B, H
silverstripe,10918580, 2017, DK B, H
splendidone,10918834, 2017, DK B, M
dakotaspring,10918856, 2017, DK B, M
bahiasixties,10918984, 2017, DK B, M
ponelevos,10919094, 2017, CH, H
lamery,10919202, 2017, DK B, M
comendatore,10919260, 2017, DK B, H
niceblitey,10919306, 2017, CH, M
llamaradaplanet,10919327, 2017, GR/RO, M
elmaikel,10919384, 2017, B, H
hiddenenemy,10919433, 2020, DK B, H
betulbeach,10919434, 2020, B, H
foreverfoward,10919437, 2020, DK B, H
geralrimout,10919450, 2020, DK B, H
quitacraf,10919451, 2020, GR/RO, M
hitperuvian,10919452, 2020, DK B, H
angradosreis,10919453, 2020, B, M
mastercap,10919454, 2020, GR/RO, M
ladycraf,10919456, 2020, CH, M
severinecraf,10919457, 2020, GR/RO, H
nuncaadios,10919463, 2020, DK B, M
ultimopayador,10919465, 2020, B, H
madrequerida,10919466, 2020, DK B, M
senoraalina,10919471, 2020, CH, M
sofware,10919473, 2020, DK B, H
chiska,10919485, 2020, DK B, M
happydreams,10919486, 2020, DK B, H
gaucholindo,10919489, 2020, DK B, H
stormysharp,10919495, 2020, DK B, M
donalagertha,10919496, 2020, DK B, M
donparaiso,10919497, 2020, DK B, H
harmonistic,10919504, 2020, DK B, G
eclesiatico,10919507, 2020, DK B, H
treschic,10919508, 2020, B, M
muirfield,10919509, 2020, GR/RO, H
escrachado,10919512, 2020, DK B, H
raizlatina,10919515, 2020, DK B, G
clarice,10919519, 2020, DK B, M
elrisko,10919521, 2020, DK B, H
lostraniero,10919525, 2020, GR/RO, H
lomoplateado,10919529, 2020, DK B, H
homepage,10919531, 2020, B, H
besitosdeamor,10919536, 2020, BLK, M
eternaseattle,10919541, 2020, DK B, M
tiktok,10919556, 2020, DK B, M
dragonet,10919557, 2020, B, H
vundu,10919558, 2020, DK B, H
pezvela,10919559, 2020, DK B, H
hardtail,10919561, 2020, CH, H
sostra,10919563, 2020, DK B, M
solyplaya,10919564, 2020, CH, M
rosasdelrosedal,10919567, 2020, DK B, M
rondadeases,10919569, 2020, DK B, H
nowords,10919579, 2020, B, M
nostop,10919580, 2020, DK B, M
magazulu,10919590, 2020, DK B, M
fullbelieve,10919601, 2020, DK B, H
fullkeid,10919603, 2020, DK B, H
fullforever,10919605, 2020, CH, H
fullgolyat,10919606, 2020, CH, H
fullsubra,10919607, 2020, B, M
fullminkar,10919608, 2020, DK B, M
fullmacarena,10919611, 2020, DK B, M
fulltouba,10919612, 2020, CH, M
donaperfume,10919613, 2020, DK B, M
ebellisima,10919616, 2020, DK B, M
golon,10919619, 2020, CH, H
tardesgloriosas,10919621, 2020, DK B, M
seratuvoz,10919622, 2020, DK B, M
fortytoribio,10919632, 2020, DK B, H
doncervantes,10919633, 2020, B, H
harleycruiser,10919636, 2020, CH, M
bombslew,10919637, 2020, DK B, H
cabanaconde,10919647, 2020, GR/RO, H
tufuerza,10919650, 2020, DK B, H
manabita,10919662, 2020, CH, M
preludiolento,10919673, 2020, DK B, H
operistico,10919680, 2020, CH, H
senormoon,10919687, 2020, CH, H
eltruqueado,10919690, 2020, CH, H
icyfederal,10919692, 2020, DK B, H
lunadedubai,10919695, 2020, B, M
catchthethunder,10919697, 2020, DK B, H
costocero,10919701, 2020, DK B, H
gatomolina,10919702, 2020, CH, H
tarka,10919711, 2020, DK B, H
brugge,10919716, 2020, DK B, M
lacolomer,10919719, 2020, DK B, M
ninjaway,10919724, 2020, DK B, H
mystormydark,10919726, 2020, DK B, H
frenchchampion,10919730, 2020, DK B, H
donritual,10919732, 2020, CH, H
donlazo,10919734, 2020, CH, H
miamigococho,10919735, 2020, DK B, H
insidedancer,10919740, 2020, GR/RO, M
humoradaseattle,10919749, 2020, B, M
amigazosky,10919760, 2020, DK B, H
skurlin,10919765, 2020, DK B, H
skonberry,10919778, 2020, DK B, H
catchtheleaf,10919781, 2020, DK B, H
blend,10919784, 2020, B, H
zootopia,10919785, 2020, DK B, M
codigopostal,10919788, 2020, DK B, H
parajuru,10919789, 2020, CH, M
astana,10919791, 2020, DK B, M
reypelayo,10919794, 2020, DK B, H
nocheroboy,10919797, 2020, DK B, H
queenslegacy,10919798, 2020, DK B, M
westernorpen,10919799, 2020, B, H
stormywind,10919808, 2020, DK B, H
mezzopiano,10919821, 2020, DK B, H
lospinceles,10919822, 2020, DK B, H
maderoalcompas,10919824, 2020, CH, H
rumordefuego,10919832, 2020, DK B, H
punterodeluz,10919839, 2020, DK B, H
torredepisa,10919843, 2020, DK B, M
driades,10919850, 2020, DK B, M
sileno,10919851, 2020, DK B, H
amigoglobal,10919852, 2020, DK B, H
littlebrother,10919856, 2020, CH, H
itslove,10919863, 2020, B, M
bouclettecraf,10919867, 2020, GR/RO, H
masterfain,10919868, 2020, GR/RO, M
masterleito,10919870, 2020, B, H
ursiseattle,10919871, 2020, DK B, M
pennylane,10919872, 2020, GR/RO, M
themadcraf,10919873, 2020, GR/RO, M
latancraf,10919876, 2020, CH, M
masterjane,10919886, 2020, GR/RO, M
curiosolibertador,10919895, 2020, DK B, H
quietdream,10919896, 2020, DK B, H
sospiolakey,10919900, 2020, B, H
fanatismopass,10919903, 2020, CH, H
nuncamaspass,10919906, 2020, DK B, M
greendubai,10919912, 2020, DK B, M
totaltriomphe,10919913, 2020, CH, M
likeabomb,10919915, 2020, DK B, H
reoyamigo,10919916, 2020, DK B, H
laordenanza,10919917, 2020, DK B, M
buscabusha,10919931, 2020, GR/RO, H
juanarojo,10919932, 2020, CH, M
srraton,10919935, 2020, DK B, H
amigazomak,10919941, 2020, DK B, H
biglover,10919947, 2020, DK B, M
costalata,10919963, 2020, DK B, M
riofelipin,10919964, 2020, DK B, H
saragossiano,10919969, 2020, DK B, H
twist,10919971, 2020, DK B, H
madonnabenois,10919981, 2020, DK B, M
elfruto,10919983, 2020, B, H
personalloan,10919989, 2020, DK B, H
pokermommy,10919991, 2020, GR/RO, M
zumbaclass,10919994, 2020, DK B, M
cuyenmaro,10919998, 2020, CH, M
yercanmaro,10919999, 2020, CH, H
coyanmaro,10920000, 2020, DK B, H
luminicaes,10920006, 2020, DK B, M
abogadabrava,10920010, 2020, DK B, M
almadinamita,10920024, 2020, GR/RO, M
ayrastark,10920032, 2020, CH, M
underpreassure,10920035, 2020, DK B, H
seclarita,10920039, 2020, GR/RO, M
fielestrellita,10920056, 2020, DK B, M
balantria,10920058, 2020, DK B, M
hiddenmoney,10920059, 2020, DK B, H
donchamame,10920060, 2020, DK B, H
doncamaron,10920061, 2020, DK B, H
doncentauro,10920062, 2020, DK B, H
seasound,10920067, 2020, DK B, H
curiosoedition,10920071, 2020, DK B, H
enfatica,10920081, 2020, DK B, M
kellyrose,10920085, 2020, GR/RO, M
qatarchampion,10920090, 2020, DK B, H
taimyra,10920095, 2020, DK B, M
eliassripe,10920096, 2020, DK B, H
donnitrato,10920098, 2020, DK B, H
donevasor,10920099, 2020, DK B, H
thelastking,10920100, 2020, DK B, H
sahuri,10920101, 2020, DK B, H
chevivi,10920104, 2020, DK B, H
lilysspirit,10920107, 2020, GR/RO, M
fabulosatouie,10920110, 2020, DK B, M
candymatters,10920117, 2020, DK B, H
congruente,10920120, 2020, B, G
daktari,10920121, 2020, CH, H
polizont,10920125, 2020, DK B, H
atomictrigger,10920126, 2020, CH, H
editamela,10920129, 2020, DK B, M
federalcolour,10920133, 2020, CH, H
furiouslegacy,10920134, 2020, DK B, H
hyfax,10920137, 2020, DK B, H
mareinternum,10920138, 2020, CH, H
quebombon,10920141, 2020, DK B, H
tataeterno,10920142, 2020, CH, H
securityplus,10920147, 2020, DK B, M
singincraf,10920155, 2020, GR/RO, H
misscraftsman,10920156, 2020, CH, M
esplendidcraf,10920158, 2020, DK B, H
masteracapela,10920160, 2020, CH, H
colombina,10920161, 2020, GR/RO, M
salcantay,10920163, 2020, CH, M
tigro,10920165, 2020, GR/RO, G
monumentalpenky,10920168, 2020, DK B, M
haloolahit,10920169, 2020, DK B, M
curiosahit,10920170, 2020, DK B, M
olimpicahit,10920171, 2020, B, M
highfeverbomb,10920172, 2020, DK B, M
moonstripes,10920180, 2020, DK B, H
mopti,10920181, 2020, B, H
sewelo,10920192, 2020, DK B, H
lebroncauquen,10920198, 2020, CH, H
rojoyazul,10920208, 2020, CH, H
mathomark,10920209, 2020, DK B, H
sobrevuelo,10920217, 2020, CH, H
furiousdesain,10920219, 2020, DK B, H
oldrider,10920225, 2020, DK B, H
romancesea,10920226, 2020, DK B, M
contrareloj,10920243, 2020, DK B, H
greatwork,10920250, 2020, DK B, H
lorenzosan,10920255, 2020, CH, H
seafarm,10920267, 2020, DK B, M
remax,10920270, 2020, DK B, H
rumbling,10920272, 2020, DK B, H
everymoon,10920285, 2020, CH, M
eternalaction,10920286, 2020, DK B, H
kansascat,10920289, 2020, CH, G
canbegold,10920291, 2020, CH, H
whydonna,10920294, 2020, CH, M
afterhours,10920306, 2020, DK B, M
nolosone,10920311, 2020, DK B, H
todoslosamigos,10920318, 2020, CH, H
danzantesky,10920319, 2020, DK B, H
mediterranea,10920340, 2020, DK B, M
southolivia,10920347, 2020, DK B, M
southballado,10920353, 2020, CH, H
elixiroflife,10920368, 2020, DK B, H
dukeofedinburgh,10920376, 2020, B, H
suffok,10920381, 2020, DK B, H
quoz,10920383, 2020, DK B, H
amoresdeestudiante,10920388, 2020, DK B, H
gocandygo,10920391, 2020, CH, H
radagastthebrown,10920393, 2020, DK B, H
senordan,10920397, 2020, CH, H
flyingtothesky,10920398, 2020, CH, H
lafirmante,10920401, 2020, CH, M
senorsonrisa,10920402, 2020, DK B, G
causacomun,10920406, 2020, DK B, M
ganasdecorrer,10920407, 2020, DK B, H
treasurerunner,10920410, 2020, DK B, H
coronatack,10920415, 2018, DK B, M
sisoyasi,10920422, 2020, DK B, H
blessedshine,10920434, 2020, DK B, M
crazytalent,10920435, 2020, DK B, H
equalyoga,10920438, 2020, B, M
merecido,10920443, 2020, CH, H
bendicion,10920444, 2020, DK B, M
didactico,10920445, 2020, DK B, H
